{"main":{"language":"en","lastHostname":"192.168.2.59","darkTheme":false,"useBinaryPrefix":true,"disableAutoComplete":false,"settingsStorageLocal":false,"settingsSaveDelay":2000,"cacheStorageLocal":true,"cacheSaveDelay":4000,"notifications":{"errorsPersistent":true,"timeout":5000},"webcam":{"url":"","updateInterval":5000,"liveUrl":"","useFix":false,"embedded":false,"rotation":0,"flip":"none"}},"machine":{"ajaxRetries":2,"updateInterval":250,"extendedUpdateEvery":20,"fileTransferRetryThreshold":358400,"crcUploads":true,"pingInterval":2000,"babystepAmount":0.05,"codes":["G1 H2 Y21 F3000","G1 H2 Y210 F3000","G1 H2 Y215 F3000","G1 H2 Y5 F1000","G1 H2 Y50 F1000","G29","G30 S-1","G92 Z0","M0","M1","M108","M109 S210","M109 S235","M303 H0 S60","M307 H1 220","M500","M561","M564 S0","M84","g90"],"displayedExtraTemperatures":[],"displayedExtruders":[0,1],"displayedFans":[-1,0],"moveSteps":{"X":[100,50,10,1,0.1],"Y":[100,50,10,1,0.1],"Z":[50,25,5,0.5,0.05],"default":[100,50,10,1,0.1]},"moveFeedrate":6000,"extruderAmounts":[100,50,20,10,5,1],"extruderFeedrates":[60,30,15,5,1],"temperatures":{"tool":{"active":[250,235,220,205,195,160,120,0],"standby":[210,180,160,140,0]},"bed":{"active":[110,100,90,70,65,60,0],"standby":[40,30,0]},"chamber":[90,80,70,60,50,40,0]},"spindleRPM":[]}}